Fecha,Amazonas,Ancash,Apurimac,Arequipa,Ayacucho,Cajamarca,Callao,Cusco,Huancavelica,Huánuco,Ica,Junín,La Libertad,Lambayeque,Lima,Loreto,Madre de Dios,Moquegua,Pasco,Piura,Puno,San Martín,Tacna ,Tumbes,Ucayali,No registrado
2005-01-01,0.17747598,188.67116525,0.0046213,27.92751664,0.23633488,83.76016196,94.4596187099999,28.97917014,0.0,0.08961528,69.4892972699999,52.62868008,35.6961911599999,13.31461987,327.89882314,4.68426189,0.43190006,170.00505146,11.43615445,63.6991736100002,4.43784698,3.94542865,72.2144352,3.96391074,1.20100574,4.70155549965057
2005-02-01,0.14609613,151.56680567,0.0,31.44148091,0.09542591,134.97155283,74.0120584899999,7.42876401,0.03528298,0.27758624,54.80528985,60.48788474,19.47024551,7.41558461,342.791299940002,5.86212993,0.89065971,100.39690865,18.01980403,68.8704715400003,5.71325029,0.85441985,39.72895264,5.76003123,1.66693419,4.28776544399443
2005-03-01,0.11884646,198.29166585,4.50036544,56.98445005,0.40723288,121.18026565,89.0439445499998,45.41003553,0.71745338,1.75166142,77.7718781,55.9758463,25.13556579,11.92601967,357.732883460005,2.91966116,0.83693271,108.51275557,53.52801535,61.3973847799999,7.04592495,0.23765933,53.41822191,5.26865043,1.90673924,5.47386583329308
2005-04-01,0.03829481,157.47766965,3.44882461,55.70698951,0.46353283,94.22573763,99.3698145499996,29.69912927,0.19681017,1.67901856,94.82684663,56.62911193,21.2015463,7.89074976999999,319.048882660003,6.97668818,0.69469128,171.1663463,32.42971456,54.70853942,6.01351488,2.84387477,27.26353596,5.79736912,2.21709167,5.78037499205334
2005-05-01,0.12459199,187.69135793,3.62304797,56.27676679,0.30110007,107.2318918,121.31998282,29.47844494,0.10205359,1.61485118,103.67467565,64.58658223,22.08969805,11.80042318,364.064295339998,6.5604575,0.2996266,123.12545126,15.80426919,75.57468719,6.12706453,3.31858552,34.31132672,6.97126824,2.8583447,5.84783671588457
2005-06-01,0.12578528,230.76927791,0.0,41.36397272,0.1706484,118.63082129,113.04254933,15.28153238,0.0,7.71280922,124.18155297,62.79415419,39.7228169700001,10.96438005,412.85561382,8.57861383,0.20064312,99.31650316,40.91258096,41.08895086,6.73985286,4.31465752,26.94046667,7.93274265,2.63370512,5.6663082698044
2005-07-01,0.25100082,241.34573271,3.3809657,59.48591541,0.61665699,99.3071738,117.37210315,12.29241857,0.0021361,0.28162892,136.88765092,70.99617387,62.7912425100001,13.57312566,396.981024470002,7.46858002,0.16012453,155.79173596,22.36964103,68.28428196,5.15504298,4.08271977,66.2298888199999,5.24063711,2.38204206,5.67972721467618
2005-08-01,0.26326217,209.1408892,2.83877949,50.61869328,0.48255581,116.36624821,124.40942432,34.10513301,0.00785351,4.60389732,100.33614398,59.81482674,60.6263987400001,11.88818593,401.92685689,8.34521680000001,0.56712159,120.35076407,37.50870985,91.2816209399999,9.71202372,2.55468944,32.14412915,4.06035388,2.66248009,5.16915893328155
2005-09-01,0.35541937,215.3668996,3.51315216,47.84766674,0.30197364,133.85588126,95.09496446,44.30976991,0.00889468,1.1701228,126.07139449,68.77926784,66.3361629000001,17.68370958,361.385254770001,5.06247215,0.1975889,153.03176767,22.08311662,72.7951057500001,8.80127409,5.82336988,42.92119064,4.2083443,2.06852612,6.07266899682486
2005-10-01,0.27305931,187.93125203,3.32232331,22.22956604,0.28704061,148.19151236,132.74142355,17.60535502,0.0009904,0.70207981,107.61303299,72.58488547,56.49807602,16.44629233,388.519084929998,4.31551737,0.17372643,125.43261672,23.60453986,39.01773943,11.23022946,3.44307748,91.7344382000001,5.47240672,3.12879321,6.37269754604131
2005-11-01,2.60653373,222.81968474,0.012768,82.4312958,0.41745124,183.12867073,76.6692912200002,38.51251057,0.053639,5.75406322,105.31588118,73.78285538,76.69555294,14.01313918,388.193040760004,5.33415893,0.0,104.97423859,29.88031719,79.3426234200001,8.52301169000001,4.53411489,28.3412294,6.6437419,1.89924039,6.43347204964971
2005-12-01,0.38692883,315.1132564,7.32549133,51.70441023,0.05112176,200.27704737,153.29275546,52.28597312,0.0,6.4705918,90.0786510200001,86.48332007,111.45772518,17.11946891,425.204678040002,7.70930763,0.11489437,248.55555061,56.2192047,78.74571189,9.7684672,6.13286589,76.3012045000001,3.97762155,2.97941486,6.34462583299
2006-01-01,0.26310886,197.8705736,0.0,38.87425101,0.42539136,120.88705782,89.40791989,31.88599087,2.05792008,0.14508264,114.42498652,80.10132417,87.2417791499998,8.58153466,404.457501950002,2.26512376,0.12095929,91.67822901,32.02989609,84.1851800500002,8.02316593,4.90444021,22.35428023,5.56755732,1.98205324,0.823736558413657
2006-02-01,0.21284308,231.52262591,0.01038082,42.91851444,0.03740244,150.55049442,86.2711938300001,24.98176404,3.95735649,2.46786326,115.9671833,82.81136764,60.9407166099999,7.91672863,344.665453169999,4.62445586,0.67236455,102.50487442,40.78098441,74.1895585100005,8.91706481,0.8595197,53.04609464,4.70774541,1.79587915,0.81945103106159
2006-03-01,7.5e-06,272.45836769,21.11138342,29.36735634,0.44621845,164.05490353,112.72784955,29.0703077,0.69105566,0.025125,104.40671083,101.17558024,69.2079592400001,6.6643645,392.667675611284,7.04954084,3.17915943,192.12727099,32.58770187,126.17533672,8.21753564,0.65458699,63.86602994,5.77010996,2.20360715,0.0
2006-04-01,0.0765546,269.79888385,0.06748177,107.99796911,4.75776806,152.85825371,114.03363115,33.11211871,1.31820043,7.47083709,99.2392322899996,106.93913934,62.6824472899999,7.10219469,442.99745094,4.55425453,1.76786663,189.1923233,64.33650102,109.13441034,10.32885478,1.50841443,20.15184121,5.5380954,4.29846498,0.576833923585582
2006-05-01,0.13065361,251.47359148,20.42592901,61.21836918,0.4187429,195.6835174,131.34529083,68.15175255,2.85578532,0.391288,105.24784461,106.83468301,54.6627888700001,14.51037701,475.784280540073,14.17767158,0.23277783,249.8599957,43.15219544,73.61515439,10.12182497,1.84953215,52.5211793599999,6.4096109,3.3471118,0.0
2006-06-01,0.29036697,319.7345525,0.04634185,82.49746854,1.02501273,161.882727,127.84719298,51.15704576,1.22691467,4.81351585,115.68872934,101.35304876,84.0696724800001,14.75577765,500.342854129999,3.10705676,0.30618861,198.14628539,80.65087409,132.77326629,8.22363648000001,5.67364555,40.59831069,4.324172,2.37922627,0.0893156554748202
2006-07-01,0.53958846,389.89450715,20.21498303,77.06899463,0.75875861,129.01624038,166.36926215,81.54268426,2.57902476,3.05673088,165.16383718,123.57959122,122.78271473,19.99122496,541.886749826991,10.17884172,1.04965883,250.2734087,69.69778468,131.04772309,11.88731401,4.36113896,32.6398228600001,4.54204714,3.18857564,0.0
2006-08-01,0.60863312,411.06446934,0.0,22.06972473,3.05357965,110.62871244,119.10652733,49.30219234,4.72478876,6.19126029,125.60597747,118.3243488,102.44387361,19.28761915,527.285392439999,9.60740502,0.74715623,161.43755326,76.9971253200001,93.8563767100001,12.02848125,9.14994256,25.58457212,4.83013647,4.40307192,0.300453060728614
2006-09-01,0.58635384,279.95016267,0.0,141.41883863,3.20169097,146.76464591,120.82643426,73.6461951300001,0.69752707,3.83562288,113.75413585,99.26650274,120.70248405,23.925463,456.371424409999,3.53649479,0.63461616,319.73054834,68.93889194,102.24677829,9.94735083,12.47871895,55.7909030199999,4.32315,3.12359861,2.40531944899885
2006-10-01,0.85520271,311.14202443,23.93728782,88.99311783,0.15129413,104.78250172,117.28105898,51.07822253,7.70790631,6.22181376,155.09940168,154.68650376,77.7382546799999,25.93941374,573.13678516,6.43712792,0.68552551,155.72944921,66.82153551,85.54350463,15.59459852,6.68152589,19.3032084499999,4.83627146,3.93529883,6.22096725518259
2006-11-01,0.55287018,346.40328856,0.0,70.4171998,0.27797295,115.36723345,122.64626324,49.34159547,8.69855339,6.60678103,136.94589442,109.38798317,123.30340664,25.81939235,592.134697029999,11.3943867,0.91604061,252.50771858,72.13460917,54.01844575,12.24973474,7.44816141,58.0997209100002,4.6515117,3.34286933,6.68835867379266
2006-12-01,0.80297878,397.05328692,20.03656296,71.8056355,3.18728443,110.47404194,189.66257715,88.0906787099999,3.34731805,10.44394403,159.13762851,115.64508821,114.38628203,22.17672901,612.997853239967,5.30535376,0.40288942,261.05464532,182.29698587,138.82782098,12.52265327,8.389718,35.0782404999999,4.51576645,3.27915247,13.3973639727615
2007-01-01,0.39282937,194.59819861,0.0,89.47248787,4.32010119,77.61029758,94.6422081199999,21.08128148,6.08420734,0.11236175,158.15019123,119.23246469,97.8513637600002,13.42490941,503.987633609997,4.1520372,0.46978517,116.23820605,31.5198983,135.79356866,11.36516291,4.12921807,55.2940709100001,3.92047782,2.36314117,1.27670653665359
2007-02-01,0.0,296.85394256,0.0182121,109.02027524,7.53035186,83.99225691,142.40607883,19.40837771,1.55452395,0.33256,103.2701794,107.29255168,98.3598029600002,8.55629169,504.128710770001,7.098636,0.10386955,117.68560858,72.62114102,125.67552697,12.93539942,10.35522018,69.3265302699999,4.24106856,3.04664982,1.94301119200895
2007-03-01,0.01946,335.46182629,0.29445,160.83565215,0.1458,124.15768915,122.08957253,20.51165812,8.33728511,5.87495863,114.97150457,126.47792717,126.58280095,7.49521641,521.179296099996,4.16680794,1.5105402,100.42950344,66.21076013,96.2525312600001,9.39139608,3.55863353,101.31508924,5.49994624,2.90783615,33.8630556781914
2007-04-01,0.05668547,279.70615587,0.0,142.22511298,4.20648478,61.7068094,148.69653437,51.61243039,1.1967383,0.24223205,122.83401103,128.6703672,94.77514753,5.74276323,577.695348029998,4.48150452,0.17654902,224.8913696,96.90489735,96.6112553,11.65002757,1.10455785,56.4273057100001,4.79697823,2.87102204,0.467575316255079
2007-05-01,0.33301244,352.90322308,0.0,111.95013126,3.78239779,74.21931387,157.10612478,64.77134271,13.77854094,3.95026439,141.95408294,133.15352977,138.87380186,10.30867935,508.482312910004,9.38720385999999,0.44178604,182.94121364,67.88660903,101.40548207,18.02219215,3.74257542,37.4437298199999,5.13973471,2.10385003,0.482160624488642
2007-06-01,0.0,301.33837724,0.001865,234.08062865,0.58462672,77.80202555,158.69124416,67.6405442,10.8022015,6.64956334,138.08764728,130.20175678,101.25544352,10.22942959,638.645668329993,12.06869406,0.54541745,284.58210507,106.37463208,112.03082796,10.03067927,3.65447309,42.76356478,3.99481815,2.73742261,0.900047911059573
2007-07-01,0.23970195,417.81737576,0.0126,224.27810437,1.49368064,59.21092406,200.3883893,52.1745882,5.72099113,3.33367756,205.74803327,173.4217817,79.0582984100001,18.94747953,769.511136349995,7.59620549,0.7932721,195.39917397,65.24488292,134.02426288,13.25536388,27.89659638,48.26447949,5.20941045,2.98231042,0.273749054489599
2007-08-01,1.15308301,437.04934156,0.0,162.98160063,6.37828717,97.9984492,158.592246870001,56.48395815,12.32572564,7.72592556,127.06597146,128.02337761,113.22943148,28.60872969,560.028358739998,6.56608755,0.92855748,155.25210758,63.74087778,126.40035451,10.78966751,11.02521124,94.8319115899999,3.47214787,2.67296645,0.657629904593705
2007-09-01,0.63385046,301.56969695,0.0,241.67375429,7.39214505,109.97968297,143.46870103,11.81562626,3.24357888,1.7955525,138.94616179,133.78205759,141.22886614,25.65691426,640.731645420004,6.22739804,0.95651331,285.6472561,79.86289669,143.46784851,13.24093063,9.96130471,105.44861831,3.85657003,2.44760498,0.665267783048421
2007-10-01,0.44495738,412.78427576,0.01716488,143.65377644,2.42650592,80.78224793,183.95391908,111.71528593,12.53755301,5.81995405,188.98994188,153.35904971,111.08243856,20.62296468,777.317460029993,9.00942442,0.71102883,164.04518475,72.37572502,139.08755811,14.41157541,7.99056487,47.2735749599999,3.67142447,2.83993542,1.0350293611732
2007-11-01,1.20176221,296.16865031,4.75530942,245.35354309,6.00916309,148.36307567,173.55296113,43.77179075,12.42995651,1.31466581,155.99259406,88.72358616,97.21445897,19.19757037,567.809555659997,5.57843802000001,0.52289973,276.17217842,22.28388402,104.894230570001,9.30039464999999,9.14899185,60.6052359299999,4.61092011,1.88144198,1.1731520362996
2007-12-01,7.61571129,381.4549818,2.99641508,189.30909933,3.13136542,176.06470159,208.71932514,26.03361432,22.02236224,4.82944994,206.232556459999,156.99701391,176.9763132,29.34826203,803.142544930001,13.19974401,0.80160903,229.53615753,58.85684341,173.98232564,12.14176465,4.36557859,54.01380384,7.00156698,3.86500641,0.625514555786594
2008-01-01,0.36910311,307.93791324,0.0,146.81941095,11.53223114,102.72937675,240.59741817,75.0471633100001,9.01214366,0.71885426,203.841477239999,128.44501425,130.68263331,12.36676437,697.618447509997,9.62238308,0.64686815,174.04167824,35.97930183,165.262249030001,13.88206863,1.87413093,69.4112880699998,6.92523041,4.90357771,1.57318714136045
2008-02-01,0.25675187,245.32834129,4.88398578,198.16230494,5.74099131,216.05424531,200.336146770001,43.54908568,2.5267674,6.67688118,146.13201093,112.1631773,150.68712791,12.25613326,598.738064279998,5.45627314999999,0.71031099,226.44587748,59.97108197,159.330193040001,14.44494704,1.28731339,63.1784348399999,3.81925349,3.52657406,1.39057180799091
2008-03-01,0.0437628,381.45946273,3.7012095,264.44110924,2.52464828,166.87348731,180.182865900001,48.87334845,14.05886764,0.54222379,164.18918964,150.08044184,161.02831742,8.61996376999999,675.233353429994,5.78044336,0.70201156,244.21502392,55.43248798,182.21706282,13.20804758,1.39373998,30.59369348,7.65828444,5.160504,0.764973010665472
2008-04-01,0.04936146,458.41319773,3.94769796,176.96015809,5.69295348,81.47612805,165.84402197,47.85775999,28.16583164,2.98450871,175.00987258,112.61743918,128.37861122,7.28479912,728.428706579993,15.24265584,0.49088957,236.6204464,57.56231815,160.51881839,28.79062795,0.92084643,57.5720200100001,6.64464898,3.61384833,1.16127423263288
2008-05-01,0.13859248,500.14172186,0.0690629,252.53213446,3.1269855,175.45575897,219.0419249,44.74558924,1.88409795,4.02523099,167.0319503,129.82598503,141.03133802,10.81100831,755.743424440001,8.37956922,0.57909885,238.86080676,22.54434436,122.87606661,13.82773012,4.34760131,49.2917898399999,6.0083238,5.69159222,1.36293411928273
2008-06-01,0.16004349,416.43219821,8.39238523,194.42868483,2.18612979,169.87701914,271.291123170001,27.19880018,0.62876391,1.45388476,213.192632449999,121.11433764,136.15407676,17.20710205,742.03702766999,6.03209482,0.61748297,184.75825456,32.40229852,192.38618258,16.96960995,3.53340378,38.81003181,10.20761078,3.86585208,1.35980323726562
2008-07-01,0.26300466,462.60917437,11.34585224,221.14059544,14.40815512,154.3320392,260.859526810001,20.76837976,36.21685317,6.64359643,185.85677309,155.40836339,130.90051291,25.26560726,795.066022810003,8.26823049,0.81383159,211.13559718,53.3639822,168.59782813,17.00965732,3.87453566,54.0258573099999,10.32661152,3.40115587,0.673277218658768
2008-08-01,1.51221452,330.86717059,3.17455485,266.24516759,3.75301989,138.66024975,256.47385336,31.91327754,3.93135959,4.20226778,235.197700189999,141.74897857,180.73524784,34.20326215,730.899835699997,10.87145762,1.09291112,171.34442007,36.57416616,198.60464017,12.90375533,8.10680234,60.0439457000001,7.57392815,3.87183967,0.666820365040167
2008-09-01,1.76196543,275.162032,5.54769703,255.44538544,12.13637776,157.43558929,186.70191567,88.96496051,13.83918789,5.93860173,189.75690783,139.20953369,188.55573827,22.53575023,715.493623389996,5.59187964,1.84099931,113.56675489,66.10923792,105.2493999,20.03311157,6.36762786,26.80839894,7.29599577,4.43399916,0.48101452697847
2008-10-01,1.49837856,236.27113006,0.0,159.77305859,5.51565787,130.3754717,139.66170722,21.27425335,3.09051161,3.44125946,204.48571173,102.72075797,175.544904730001,28.85365719,692.795221299998,5.00623411,2.68495286,129.73148678,49.40055974,131.24194865,19.75630562,12.7869076,27.00621196,4.91836108,6.40254159,0.522628521830939
2008-11-01,1.47402489,172.47452531,5.4520599,157.51603553,3.53758437,81.26575621,145.960292520001,43.6185499,6.98087274,4.09654304,190.73424718,84.769908,169.26157851,21.1203451,672.753892069999,3.47356855,2.83875159,127.0737682,38.51716853,79.7920484000001,19.16705596,10.75997788,13.87314513,7.3102761,2.89199692,0.514403774078346
2008-12-01,0.42152853,188.38519961,12.93018962,142.44801844,1.00888751,115.69754234,106.05615391,26.22190701,2.75690273,6.98145541,173.48686124,95.11632337,162.652382900001,14.72473892,638.872830619994,7.62488479,3.51092901,105.78128204,34.74177359,74.9833493000001,16.82692123,5.71943436,16.86028042,6.50156521,3.58085825,0.395450399299989
2009-01-01,0.51139928,168.47332154,0.0639375,81.67119613,1.08189298,126.62079567,96.3426638500001,22.02206249,0.68704547,1.30341918,180.67548007,74.48418098,125.8392876,9.74300699,492.599403189997,2.70972134,2.38644356,83.35273151,17.87345698,82.2510680800002,24.36187613,5.16648433,17.04272718,9.66749664,2.79270119,0.844877469742642
2009-02-01,0.33617325,175.85866493,6.18805583,146.16698159,3.80160793,124.86542218,145.28238152,15.84244655,7.16760439,4.74728538,157.19825988,65.75542013,139.06719122,11.34934706,524.041207330002,3.4557872,2.19986496,108.49954622,31.08471788,71.9895989499999,35.32585589,1.73104939,14.86594367,14.35537692,2.95015126,1.04727533981281
2009-03-01,0.05731023,211.05240596,0.0,127.60464303,3.63763271,186.39039131,132.17305164,34.83295007,3.70671751,0.99299945,166.471459470001,83.13849148,143.90823691,10.39420152,552.196906359998,2.28101046,2.46951098,104.87816298,34.51169737,112.27019822,19.83628808,3.54530804,6.76737701,15.82268765,2.98239495,0.739625500703141
2009-04-01,5.346e-05,154.10649322,3.7714612,145.97285853,1.07081687,175.28429649,119.76305652,15.63923392,8.15973545,0.93530022,148.93624335,32.92580075,131.17321238,8.05365965,526.474612419997,2.40251716,2.4417704,130.88820895,44.5503686,84.14523223,24.30695141,2.59062633,11.51123716,11.44297072,2.47986032,0.198728911027047
2009-05-01,0.07312595,218.23912447,7.16574217,167.39020517,7.46887639,180.47777095,180.79796829,13.79095652,3.39600833,1.05395959,209.30982193,57.93628997,155.9125997,11.87657425,581.445914619995,4.53210257,2.39266175,160.52884399,73.19230323,60.7894087799999,28.34863848,3.08422732,13.33063223,9.88178481,1.96312412,0.457633347470164
2009-06-01,0.54063633,274.60423903,0.000648,175.54365562,2.80571847,163.77569382,174.489797,11.0148269,5.67186286,6.98982328,178.30710234,52.43268579,190.57512757,12.0748259,617.435739859992,2.42252953,2.70927654,118.81654708,61.37251982,76.77881935,23.37086137,9.27644369,14.20221806,14.31186257,2.64733805,0.166062862290346
2009-07-01,1.491537,262.81715209,49.63237594,190.28987508,2.68258702,168.88725941,182.515201290001,12.73679632,2.74487778,0.82282326,200.7583812,17.0529516,222.96308836,21.62802567,585.013687618273,4.42338648,3.32945103,164.99455779,67.05709879,120.63824022,29.00329445,10.54246927,9.46772989,9.91084381,3.54446497,0.0
2009-08-01,1.83617307,257.00068435,7.16195548,212.45990764,3.45648178,211.85683685,186.823865380001,11.88961093,5.48393779,1.70958096,212.25707059,32.26649707,196.46144381,19.10899118,570.806353944206,2.35203004,3.52102919,157.65626227,56.55659874,120.24782478,25.13961168,8.88479552,14.86055909,9.02440565,3.50364349,0.0
2009-09-01,2.04469476,267.66790914,24.91783992,257.20259634,2.23105439,231.61522928,171.71576013,11.43085278,8.32243827,3.5891933,215.768293779999,35.73729309,181.50083618,30.18204092,619.685293584707,3.68134893,4.2067909,195.54877402,77.4338688,101.4678527,32.3388731,11.85187742,18.48104146,6.18762323,4.57377481,0.0
2009-10-01,0.99779666,255.30189481,7.66826565,254.7221246,12.63898151,220.32946731,184.6394027,10.13862564,32.12981526,0.5765583,200.06324767,61.08802019,192.1276015,25.10086219,596.937125890001,2.61548017,4.58230032,262.96836141,73.741976,99.60287501,37.33010814,14.80712572,17.49841318,6.1020581,4.55977804,0.782750851983565
2009-11-01,1.01716911,259.95138044,0.31529438,328.0355973,5.4847501,266.57453183,171.12043964,11.34432537,10.3885837,3.32798701,260.41396591,63.50782018,175.13003199,28.54711861,586.519490840002,4.06956345,4.72393584,198.45472121,142.4153069,125.02921837,30.88602152,13.55045149,15.91741974,6.04866585,5.22993406,0.732976482955564
2009-12-01,1.50998507,411.64006366,10.54631325,306.20675825,7.33358007,243.200175,238.62361687,22.89418503,34.59888003,0.73564357,301.616678530001,47.71399862,197.68486357,28.30166497,635.162255010001,6.59941396,3.85032873,210.79150075,79.80271605,172.18251661,36.39622202,8.34492141,13.8967565,7.24134649,4.2285688,0.169475491898993
2010-01-01,0.2881248,248.50747679,8.41946495,250.75540236,7.70079198,165.24394584,183.08060162,11.60155351,13.68036895,1.31137067,262.2158126,31.165817,207.792754560001,16.07050446,500.510412130004,2.44143828,2.74131682,238.27209899,85.79780989,136.00081805,28.75419237,2.64196467,23.13713604,7.47434606,2.83353429,0.40426295551606
2010-02-01,0.29303688,282.35379131,10.37505657,256.3738494,2.90786444,222.99216475,210.474529870001,14.05706629,0.79981702,1.14874155,323.50094654,38.60400404,207.90020816,17.11906233,549.729608939994,5.68431974,3.29847739,197.74257192,53.09674052,181.04355749,34.12344419,3.93690434,22.15179581,5.55017279,3.67609077,0.257144912928652
2010-03-01,0.07252795,303.38047799,0.00626,316.80828074,10.59039437,198.98970755,228.712912250001,13.73237411,10.54447484,9.54507547,284.6947384,27.96554327,199.580276370001,13.28567793,633.902325639993,2.23052063,3.70900762,252.34082667,90.11217256,138.369946,30.64259454,2.04010774,31.67588998,9.48320824,4.46740213,0.494825424727424
2010-04-01,0.13520349,311.61357401,14.19776286,287.37098782,4.06696182,169.94542966,161.857192300001,12.06739338,4.87823551,2.66144741,322.55484109,26.85448166,171.97726944,12.48898709,618.622231519996,3.04239748,4.15498492,227.93030827,86.8379765,140.43119443,38.69874174,1.69190063,33.00791861,7.59354602,5.85855626,0.654771325373531
2010-05-01,0.0,238.15166891,6.40450883,192.24330991,4.54198006,173.6865689,203.26158536,15.60145618,2.43439418,0.63012482,238.974987419999,16.15058132,165.67943497,17.30992123,562.746381680003,6.70103585,2.98229345,254.3234766,85.07096758,115.13436696,35.01583536,8.09920638,33.8375500200001,8.46734776,3.32413103,0.379570959665671
2010-06-01,0.40721941,303.30432652,10.24853932,300.39305387,14.98667554,238.3518997,318.10439067,16.46351903,9.86910589,3.3350953,333.411987559999,44.70308645,253.90571134,28.9877968,757.808814999424,2.93643599,4.30632364,168.54514743,92.60249763,154.76967371,37.92512193,10.93874045,30.52918274,11.6637117,4.82342206,0.0
2010-07-01,2.0580154,456.81058422,12.45764504,285.11772717,8.23091248,200.78053581,259.88735071,21.54942561,10.78852007,2.37030488,322.951246310001,35.11958811,181.04003174,32.15033417,719.294947529992,6.44269669,4.17834691,209.54157652,44.66208386,106.53068599,40.95931454,12.79617634,48.75828615,6.48638423,4.18538965,0.211275302176091
2010-08-01,2.02218203,279.76952732,8.33184635,301.27474554,10.83998554,166.56232552,288.8251295,41.2186999,3.53901208,3.33991916,305.61866395,50.57082237,159.108034719999,35.78112554,786.730173380004,2.14160408,3.84562662,237.12848997,82.62550684,159.14674839,39.21653795,12.41023951,47.3067982399999,5.06795579,2.4598212,0.767673328763067
2010-09-01,2.73162212,457.3455215,3.12549143,324.19709529,10.17687103,264.14378129,293.287426880001,41.53017564,0.97363943,1.78540455,390.169953459999,31.58321028,201.27302257,32.4605746400001,778.11024688001,3.84032018,4.38685421,145.06644794,72.52366866,115.45532748,56.01332522,9.27736355,61.11964931,6.96865872,3.14361928,0.795142527872486
2010-10-01,2.61515958,326.61174035,8.85743085,303.29218062,7.4112694,207.23203963,237.45178213,65.39287816,13.45466894,1.06140628,292.795150780001,37.25660397,157.77581086,41.3795890299999,832.171482930007,1.8340145,3.44048921,225.24654155,117.44044725,153.31915111,53.7911447399999,13.29317323,52.40659773,9.21064394,4.87704626,0.789171677726699
2010-11-01,2.36941264,322.16636604,16.01224737,380.73983524,12.52704049,249.32809875,225.88147502,42.17330238,3.4196517,1.33790986,370.39760734,47.55368441,160.65935093,40.44894702,923.541867810003,2.98128758,4.43729213,205.86816871,93.63848476,144.12660905,49.74348738,12.88575383,26.76502912,13.32476383,3.21119642,0.561751825594456
2010-12-01,2.1042734,362.41281928,23.70231445,339.26122155,8.29455059,218.54804456,229.65640069,49.30128338,11.64794425,7.79386999,408.761116309999,81.46907998,219.13592442,38.22025543,945.064270660004,4.89381036,2.94394725,284.21755439,164.850126,234.290995890001,49.09534637,18.60094956,51.9118709899999,13.12265086,3.55091539,0.147749941877919
2011-01-01,1.01151416,353.06231445,0.00262,342.98340954,10.33274086,149.28707329,186.72509206,22.85668717,3.51715676,8.25811909,352.31993508,22.28458559,163.61243658,15.70801827,780.028749360013,2.33651212,2.79775244,215.29452525,54.38064626,169.881325350001,50.0329976,1.96049785,38.79474948,12.4734173,3.34869786,0.825155034654472
2011-02-01,1.18554242,433.08018231,0.23824668,417.97666726,9.56638039,195.58684343,249.2779809,42.29533607,10.87427389,2.24171527,368.913162490001,37.73421273,178.05328269,17.69591265,882.707416990015,4.23916269,2.43987748,206.60386008,24.70180973,184.54023842,71.52856631,5.4607279,17.13610649,11.50422243,2.15405058,0.24022059029312
2011-03-01,0.09692063,396.02096703,1.40053516,442.46525148,9.33703746,202.78774691,261.90994185,51.53400287,8.71538747,0.69158109,406.40133976,60.14183655,212.11303387,16.12636756,945.312489150012,2.2400461,3.23932173,278.88952672,81.29760255,246.67418776,75.46318184,2.43851404,28.528735,14.25129503,2.60951646,0.66448736994289
2011-04-01,0.08752748,283.28650884,1.66075672,327.69895541,10.35220414,234.28276789,186.54589598,53.3609274,3.89556876,0.87446362,416.92299218,74.22066949,158.34170678,16.69876239,1000.60386005,2.8780626,3.80150019,172.08504454,161.54991442,172.1206302,86.74870754,3.05818029,30.79526001,11.68863722,3.24038814,0.712462099605091
2011-05-01,0.26076345,367.63297646,0.0,499.69459453,15.77841009,231.99215925,297.070894779999,61.59685434,34.13284782,1.27862638,460.10181949,49.26625208,192.479707189999,32.97444109,1165.74432258999,5.46875821,5.45978334,233.64332722,148.27319105,193.36373231,64.15006279,13.02316597,17.0141563,11.33407222,3.0983018,0.639350329154695
2011-06-01,1.62183952,413.1765854,5.94084342,435.76168725,8.45950975,285.46516529,513.883749059997,53.00326072,16.81609775,2.37429364,364.255236280001,59.37547271,232.48141805,38.189649,1099.53218471999,1.12995663,5.05900225,276.39351808,40.99728748,212.00059884,74.37595677,23.41995808,25.465711,9.76628252,4.61920793,0.563202122624716
2011-07-01,1.97997395,413.65925467,0.000975,337.07942073,10.66936246,201.44907464,325.99546357,71.88586674,18.17728824,6.28472303,399.9381584,78.67785523,205.40292988,40.93090545,1245.86970944,3.28672145,5.52629068,240.34088013,172.1404729,266.98472349,81.7879549100001,31.48326678,20.4505222,9.98464321,4.10154463,0.766694616641871
2011-08-01,1.17968837,408.36916563,0.000449,411.43688931,12.18461861,391.25486572,318.771635619999,91.62232052,21.55984351,9.33533318,423.240635250001,55.29893903,237.345289199999,54.3708222,1315.9108407,7.81478017,6.66479389,265.47386489,146.90333203,223.685261299999,77.0202167499999,32.03552023,28.12995936,10.8293033,3.49441542,0.983555669739872
2011-09-01,5.75185618,385.14725761,2.59928729,393.36999727,15.0676499,253.21101009,407.752584339999,60.64913218,34.87925569,19.02258679,286.54638167,62.89734231,279.90107211,47.98607851,1103.18120002995,2.06073855,4.14326898,198.6807606,101.50777873,162.45647963,74.67652983,30.25964817,31.58683493,10.38950635,3.09694607,0.998268723086767
2011-10-01,2.43574939,338.92389263,0.0,297.87327419,8.30358209,275.66149126,310.321753419998,101.9867363,11.55063027,4.05082977,376.357590520001,36.99266995,244.50869213,44.91616152,1206.68500648003,5.29697908,4.11319333,260.49781001,114.17685136,145.06107588,80.6774879399999,22.37908915,28.03213721,11.02494241,3.24737606,0.921814682858439
2011-11-01,2.87523645,248.31722408,3.42257031,301.25625589,13.2337982,233.49183135,247.02887651,37.54922629,4.28219202,3.42389492,281.3558245,39.82102148,219.319911919999,48.7247774900001,1182.83170134999,3.38394137999999,3.3742682,141.92635588,50.43072474,134.56510107,90.02427393,20.7052426,27.20528712,8.38528308,4.6138445,0.735534283945981
2011-12-01,3.11108549,455.61859623,7.96792419,330.76320285,38.35180428,358.38554317,303.75222445,105.98915283,18.51971999,12.84007457,341.076455389999,73.85613588,257.90700158,62.0624724500001,1264.79393508001,2.31386982,3.27157072,271.58165176,155.56542404,298.23679363,86.03205156,26.37310104,43.2195574299999,13.72375065,3.4673678,0.75342176687991
2012-01-01,1.63494556,418.52811661,6.26330558,299.10081535,12.21539216,325.495582496,363.582992240001,58.890145,32.17227797,10.1225009,474.183958339999,55.65313255,173.96052175,19.62484125,1075.54574149999,5.47679112,1.90019693,209.60803908,152.88027889,219.78683973,61.62357443,13.79744343,21.75342134,10.51121262,4.36371384,0.57354028869122
2012-02-01,0.36916954,393.82660232,9.94052616,243.02622613,31.73954648,277.575683126,289.0804295,64.59866857,42.1856711,2.66820523,292.4187041,18.39048021,260.17278205,14.55177673,1148.97812291001,2.00310259,2.02985353,309.32726777,84.00610638,189.62280005,98.88557245,4.17279939,28.7719665899999,11.78127603,2.75930218,1.00424675877457
2012-03-01,0.34958244,454.5245487,5.39535946,439.84315372,17.21759878,286.864260636,445.564070779995,50.49209479,11.48727849,5.95024444,302.550758210001,24.7337174,252.48581577,14.74922089,1199.23000914,1.86599048,1.42390249,200.86729574,81.09303506,269.688289449999,57.89850216,3.48781676,21.29179506,12.16519245,3.79173705,0.99880499491519
2012-04-01,0.36998704,316.38606104,0.02299631,220.60010753,14.05594156,324.693373332,254.803341430001,0.8060722,13.55323965,0.90066378,251.128553009999,43.93656278,192.17951343,10.95792334,981.725154649986,6.44676562,0.4967566,244.24916458,98.96984689,203.61199128,3.56494503,1.28538333,28.32086905,9.46834608,3.44811809,0.999254914835092
2012-05-01,0.27658284,418.44260709,5.02163892,382.75072117,7.67257856,381.029403962,367.367560219999,28.35315862,2.14729059,10.49799436,339.973025510002,11.97782422,187.28847199,18.37288444,1066.46093582999,1.92550012,3.45009233,202.24468283,39.19645041,191.35711108,6.84555442,1.01190797,26.943898,13.24247293,3.22232235,0.998985167160299
2012-06-01,0.83086455,388.34414901,5.55145178,350.16595357,15.11714512,355.037482142,489.515476919998,73.63257756,2.60913242,6.40610875,290.77493466,35.57133437,235.478614550001,28.43226495,1035.40969258001,4.68655697,4.48650556,184.74359733,94.23897891,203.86733248,26.90900882,1.50791977,20.55715512,12.96809449,3.38917918,0.999176576114223
2012-07-01,2.35008571,513.55679299,14.91949568,231.42086048,16.55680797,404.130060325,344.66835692,39.5605162,16.9646879,8.4155979,323.012567789999,42.88880152,244.06822381,28.9043466799999,1135.74370873001,7.04887633,6.23908516,237.09802711,127.87723834,211.38021166,54.67054002,11.69817985,44.5773445499999,12.65482453,3.23064028,0.99885987947755
2012-08-01,3.67593133,408.97105953,6.80576971,335.4627625,18.08664668,410.226092735,394.5665273,34.29125485,20.20614954,12.15613027,280.95282319,50.35530775,262.62889851,35.38271398,1117.0571071,7.56209886,12.82637598,168.57352119,47.41633857,208.62580414,67.36025199,20.60377608,22.594175,37.18897227,3.70501464,2.10879101422779
2012-09-01,2.29060175,385.1571058,7.33846534,394.73501907,13.11547005,369.086634245,434.67936252,86.56573641,1.18486615,3.43586641,307.569808229999,50.6347452,269.81808514,39.00093739,1113.01983779,1.57406201,11.73587673,251.41694205,115.77703479,212.38325531,46.22356008,24.0980547,30.16655183,10.67871386,3.10548474,1.01113722159243
2012-10-01,2.92039644,554.65409867,10.59687347,274.03354064,11.96600118,375.26425012,340.038611159999,52.71188665,24.76491673,12.93261747,340.700194769995,65.28094818,275.16309116,54.16357266,1091.19701722,1.6693069,7.38320606,106.41636789,98.90697841,283.99709689,41.71080468,22.19015084,16.89891484,12.16209902,4.94040689,0.998604342685212
2012-11-01,2.2034058,443.3140497,6.66259011,252.48398301,11.79186485,457.22634267,304.57440158,49.55214559,13.26843922,7.73020674,378.904718209996,70.51765903,287.83724955,35.03071892,1034.33456517001,1.31446691,11.37762874,191.26332339,62.46566626,311.778749879998,37.55956298,20.68806205,22.0816172,11.36203173,5.08148158,0.999214098753328
2012-12-01,2.6023278,353.13543064,7.59509541,364.96044294,21.06097704,365.15664936,477.268034699999,68.6459483199999,32.1423434,1.99727561,377.596980959998,32.84465947,310.533864869999,36.15045551,1058.95436001,6.07179295,4.37060278,207.11346971,110.32922007,261.71968387,41.76022386,8.35376414,26.9554730100001,15.78174851,6.18338784,0.99856170451767
2013-01-01,0.71930498,247.42144492,5.09921826,297.10870627,10.92849367,305.327573748,217.669834830001,51.10330915,21.42658146,2.26156177,442.581848019999,26.11537547,221.06550353,17.9942495,928.297655699998,1.75145346,13.49955638,199.39499455,179.6610394,226.235746770001,32.41866895,3.56505295,25.40684512,10.72652253,4.42156955,1.01732183495687
2013-02-01,0.66508036,249.79110419,6.58512858,202.15531646,10.84598612,241.381461578,252.420225010001,143.90438144,13.58426059,1.64614888,365.755714879999,76.5317519,183.17461742,12.68008207,855.808974999989,1.04763522,5.59832099,222.6231779,73.2269106,246.78605337,43.46153677,3.4904862,31.67152103,12.20979335,2.82283915,1.53742554024575
2013-03-01,0.39636158,328.98648132,0.0899,341.47266634,13.25996772,297.718076958,294.746114530001,69.87503557,8.06602776,4.02389928,364.981940719999,90.13157908,289.28570887,15.50926183,959.430436129987,3.5874099,9.09502077,180.36719129,120.93746851,240.519831670001,63.09240284,3.02937754,39.4807218,11.07953105,3.65387424,0.99903309439469
2013-04-01,0.55085567,242.26994691,8.95689533,261.28611155,12.36428825,202.457189376,176.37325991,61.06638178,10.61507248,15.43408668,406.616190019999,88.31231263,203.64746258,19.76499256,948.045350629984,2.45451102,11.63583923,138.0631819,70.31051855,259.27788783,23.44015368,4.83724585,42.65179563,13.71950468,4.00065405,0.999542205294802
2013-05-01,0.7741755,335.07773021,4.23253969,364.2642725,15.26299521,261.992380446,235.67900316,122.75861211,0.48724519,28.84622545,417.873445369999,59.75010979,244.78628148,16.24181618,813.790485409992,4.51403712,14.50340662,183.77040012,98.0121375,214.41611699,53.17471186,10.64167574,26.39332127,15.19208534,3.60543155,0.999048913742627
2013-06-01,1.52751351,364.16035493,4.24717857,303.47345756,11.09291169,181.727401396,268.95674295,108.07457127,4.82188457,23.44109014,366.12546946,79.5180006,231.33926098,21.4587525,796.131315509993,1.94639907,12.00156942,198.68756333,61.88794491,218.96187133,25.95299871,15.68212851,24.84613527,13.19817719,4.40921681,0.998885939312004
2013-07-01,2.48556418,365.16556254,0.5881055,292.75798283,13.30709818,157.8464202,246.05337086,109.04764072,21.72349386,5.24170237,450.457270940003,116.57382027,206.97407292,31.82532921,870.206266489979,5.70962269,20.05479568,149.93164113,106.7656995,180.00816038,20.67721964,16.26421167,35.94661831,14.71860595,3.57414391,0.919588943362214
2013-08-01,1.90953901,579.30764247,0.3688734,324.42563325,19.28663807,260.24406812,281.576452909998,48.26729601,1.83662661,4.71588945,589.540387179999,140.9424534,271.95992245,23.99313557,860.742454399996,1.45003605,13.71006283,315.41744877,83.81411136,237.19248604,49.0437513,21.84226859,34.64479679,15.10739193,3.82791776,0.953447625514855
2013-09-01,1.11621323,425.09557513,4.4332213,314.26282858,20.14451095,164.69960226,311.73544493,133.4808916,21.52723184,15.81898747,475.76900629,94.25585023,217.38648338,27.33958435,836.318697589995,2.10073521,7.24215323,153.93582354,127.87758554,191.474124400001,31.13251087,10.46236859,26.1252342,15.2425865,3.19437482,0.821970085005432
2013-10-01,0.98198188,380.41036388,4.42332489,324.13926776,18.46222119,190.423718442,213.589016029999,114.97299137,4.15524744,3.79548521,484.438247509999,106.80631474,243.28148011,30.58456925,781.488594779981,6.52414499,14.45404066,326.2952296,60.13997442,252.268367499999,41.96014655,12.57401898,37.96560616,15.02853991,4.12012295,0.844298364959286
2013-11-01,1.26575567,368.71703564,4.76440067,270.68362899,22.55899396,153.667191372,232.10520047,82.53282205,2.10006541,3.8383437,430.260090009999,93.44623143,239.3288893,34.56410396,832.532619777421,3.75100107,8.09866399,126.55605277,105.7831638,307.497090010001,46.91286522,10.29138933,24.90767277,18.34030675,4.75432509,0.0
2013-12-01,0.56365686,433.15808248,3.69546517,420.80520792,16.25172987,139.720752732,360.411801090003,48.77804384,2.36358544,5.95310442,481.508371530001,83.13505578,314.40826705,43.66558004,795.049482367256,2.72207315,25.27460442,220.86082322,76.10264163,285.442603100001,33.26281595,6.48919823,42.18591955,18.7212931,3.48247551,0.0
2014-01-01,0.37948916,309.39249291,0.001387,280.0370118,11.11256882,244.505913738,198.260390089999,117.5067649,3.99113244,12.59156381,376.704237460001,68.78651243,220.30277745,26.26337656,679.229948999996,3.1193127,4.0332989,179.67148262,75.84774311,249.84839167,39.11188727,4.46794587,37.29323988,22.02041266,3.25854287,0.998925503775354
2014-02-01,0.13304848,371.1249728,4.2174015,189.48966307,17.32315085,262.446775688,305.697274769998,100.69157687,10.05097968,8.63947307,410.694530720001,80.83122901,195.12192126,21.51795829,713.521297949987,6.64774303,1.42509487,212.64260481,67.97587147,282.651988879999,16.53367483,3.23627183,27.30496053,16.01457318,3.32740542,0.998635791037941
2014-03-01,0.00015015,359.12115202,7.38358495,287.52428825,25.65591111,222.090071618,272.361298709999,29.99738185,16.61041092,1.65991384,386.25658047,97.06891957,265.10866195,20.71450595,725.958385389989,2.35269441,3.42354633,143.98017039,76.42863846,258.980887849999,23.84845099,1.950025,28.5013909,18.43891534,4.32392127,0.999181909603521
2014-04-01,0.51284196,227.03591396,3.90331112,216.98782843,27.92448656,230.124983152,269.994238759999,106.71180348,0.27067548,10.98080168,330.505249150002,80.33400883,180.57894043,18.08570292,714.617711549989,2.62064438,3.60062889,248.07179843,97.15940361,274.26014843,21.16065464,3.25946808,37.07433001,17.50073173,2.89088126,0.998518205054097
2014-05-01,0.1182045,218.49044516,0.12506083,310.29601927,16.17717012,222.358949682,223.446006069999,108.2776512,10.33641902,9.48834265,430.261940830001,85.05655249,251.89146772,28.70724801,664.231818370007,7.45948241000001,5.70269991,200.01977535,69.17886558,181.64102933,18.90342657,7.60305203,35.6672626300001,16.56125327,3.15403589,0.998943031423551
2014-06-01,0.388795,253.21917613,3.81292947,273.03748628,16.49327527,260.89935665,229.719746939999,80.92134697,6.04473385,12.3872136,382.682886499999,65.31933611,232.43292932,31.39057504,751.962313179987,1.68591913,4.95794638,179.23805846,73.34629395,280.20756769,43.213016,14.58716812,21.70876654,14.82391583,2.60749299,0.999386419669463
2014-07-01,0.235755,246.13645038,3.83768372,256.14598684,25.2052303,233.108140178,274.077065999999,150.50593876,9.27881002,3.0147659,417.547338929998,55.92235355,227.585159700001,34.44270699,840.7852686,2.81329997,7.93623135,216.79169364,58.28975199,184.3687615,44.45568022,17.44005427,37.27645842,14.77422615,2.78901748,0.999206462204256
2014-08-01,0.20410943,308.83803109,2.52852499,279.81557521,30.2598696,264.065658708,300.589807710001,126.42080011,12.08147086,6.73035091,304.087532129999,87.50480657,243.020207560001,41.11339488,880.409690719981,7.91626492,12.86571568,197.93388436,128.47162499,256.53418091,43.77758113,26.95077707,46.0172861300001,12.37965636,2.09110773,0.998881386544781
2014-09-01,0.34419551,210.56795233,2.49123754,219.4024175,22.30860039,303.515521158,196.493832989999,136.38008877,8.19914286,6.38044114,398.473873199998,60.78147087,186.70080438,47.46074932,856.163223389991,6.03145423,14.53104101,275.80394355,74.96396921,215.23728372,49.55411067,27.29314744,34.3219027200001,17.13397118,3.10977505,0.997890574830762
2014-10-01,0.20340305,273.17086454,2.57131715,247.52526229,21.48125896,261.146039643,202.20022026,107.37828659,6.28054199,16.86900503,324.137434500001,63.63529126,218.90674506,54.9187090799999,947.984311699981,1.45479542,19.62726057,154.52388711,82.17228128,242.03089523,35.01027117,22.77209232,38.19030172,14.35722378,3.31024459,0.999244225716211
2014-11-01,0.51117878,243.95208898,2.66734601,235.54428049,19.44782077,273.172389643,225.617139390002,95.67806899,1.39465108,1.05893757,320.653066219999,74.71351894,215.13235304,59.98847181,786.06019524998,2.75852818,14.69787491,153.66179959,87.99282815,263.70701215,14.75721195,19.65297165,27.57779404,10.40343289,3.11144461,0.992982620842668
2014-12-01,0.88290036,264.34321054,0.1007769,274.72144205,8.30678866,260.950082083,266.892902610001,86.72346844,3.31649043,14.75971114,326.60176521,65.09939079,263.117640300001,51.69780651,790.527070659996,10.04295492,6.59799652,237.32735916,70.65350058,278.73500035,46.98541128,11.8642687,20.3628051,14.7903153,3.36533713,0.999718515565291
2015-01-01,0.31302327,188.66511854,2.54999988,216.87518886,17.7886498,230.392781994,309.28353647,55.15168205,1.07479005,9.87867324,360.087398350001,48.70706664,158.04975539,23.93439785,650.45990157,1.54236434,6.28993569,129.35770081,75.04591672,201.50817578,76.3750775799999,5.76671482,37.0053344000001,11.82152061,2.48512392,1.8573102984783
2015-02-01,0.56386332,207.50470291,0.24250948,184.05095819,10.79877557,187.721881745,268.28920941,61.4635253000001,4.98601209,1.98137001,247.555899220001,51.15753791,242.07717376,28.9887064,597.193143660009,1.29725372,12.79034133,160.8917584,56.27706969,210.10314513,42.30530072,3.53657667,29.18728289,11.38955446,3.39234278,0.999106414732523
2015-03-01,0.0,200.5472894,2.37715756,232.96843277,32.65590199,186.212994462,214.528339719999,69.16763735,7.38522122,10.56885524,243.89837276,66.17531025,195.40996786,24.17215801,652.151352609993,5.83560982,17.30291581,174.48921187,94.16366745,167.3417909,52.7052747,3.83918458,27.35471247,12.97012427,3.58712564,0.999385977652764
2015-04-01,0.0843838,156.21822295,4.57893845,218.1932616,12.687478,198.966024726,194.978309659999,96.60363466,0.42756425,2.29639835,211.63158251,82.0349111,196.42956158,25.35004336,577.430164370002,1.65893387,16.58874084,121.57605194,59.7486595,137.4742181,68.42519689,3.58446166,23.77347625,7.39789079,2.36330467,0.999254898811159
2015-05-01,0.1823377,222.5696251,2.32152948,166.3879251,14.51493256,186.153512227,203.581985429999,104.41167358,5.02380983,9.13948065,179.85020752,98.62510815,190.65894192,40.2871376599999,657.828657460003,1.54920303,21.27293312,134.73812992,133.23025679,174.1559119,61.69539406,5.61037656,33.22038911,10.76637527,3.30953861,0.999012990604569
2015-06-01,0.2343731,302.24960073,2.07941072,265.02481395,20.31217791,158.434418418,333.007904960005,134.06762935,6.20696343,13.33356817,313.83297014,107.05603975,241.825246330001,33.7709995499999,726.950905799992,5.84044626,20.13612431,143.06704958,72.23237854,162.99833562,86.9065439499999,8.96521959,26.06582278,11.05696863,2.68614634,0.999081031606693
2015-07-01,1.20911032,228.62363846,9.02266684,224.08719261,27.94630732,249.381904561,250.907235309999,94.14066334,8.80116922,16.02270533,233.758303769999,86.49223196,240.776930200001,36.16058647,670.111173839993,3.44004251,17.51278803,122.66364782,72.79304252,138.35092098,77.02406805,8.51954286,25.84758931,12.09582756,2.32684856,0.999706355560647
2015-08-01,0.85103048,301.66901856,8.15171065,235.45503654,28.86041002,212.173154215,303.150055479999,71.8888127999999,14.62538281,20.72456854,272.212421739999,72.49507877,196.79358825,36.52980706,667.614333230001,9.94315466999999,19.19092193,237.75181458,88.50557759,130.32011475,72.1760215899999,8.45142702,29.76478643,9.35267975,2.18239622,0.25391310647683
2015-09-01,1.56033332,189.26182911,9.67275945,300.34784414,25.47481136,227.318119928,274.776217079999,78.90912671,4.65193004,8.34857243,175.7924367,79.85465433,201.53664356,49.326255,618.495548479997,2.94951147,13.78445101,79.77664616,85.93804183,155.20604827,96.29127697,13.20736017,24.32220106,9.30262153,1.91824354,0.999122818232081
2015-10-01,1.25644691,268.95688619,13.50578531,291.88509218,12.42843384,225.684450454,223.649895270001,97.38893842,2.80972609,18.80147221,229.97805594,69.26471608,244.23946041,57.68473797,677.157138389993,3.87579403,7.60141103,214.96882467,64.51700573,207.890954839999,132.34128998,7.16043771,27.4476940299999,10.43218453,1.68914719,0.999256706316373
2015-11-01,1.54550933,241.61998471,12.76991996,344.00424076,13.34746368,180.585205373,173.647533290001,173.53551257,21.32501758,9.96008103,246.40693489,83.9919338,187.68451718,65.1510467599999,600.375822630001,5.04166878,6.44684855,109.90100285,88.76128727,264.13259745,75.3822378599999,9.44352544,19.51626398,7.87934604,2.25165026,0.998834884332609
2015-12-01,0.95051254,254.83994063,6.52807172,417.684744,16.27385014,205.320831426,228.896715059999,115.85679538,19.27848047,9.28514191,311.42035269,120.63242779,258.12922594,52.1562662399999,648.695451889995,2.48912936,4.49090094,141.08097231,109.81513593,228.97943245,93.9935620799998,5.6676656,20.25811957,10.16493452,1.98833092,0.284315194387545
2016-01-01,0.53176831,134.10323884,42.96538828,277.59382019,9.75658017,161.924334907446,136.41761458,59.22680307,5.45346416,17.92254778,241.66454997,39.52835485,182.27932729,29.34312251,536.601691140002,1.95911141,1.52031931,182.68279619,34.77550853,204.72881525,128.13120404,2.61005074,29.3360063,10.16946055,2.71022127,0.957521985194944
2016-02-01,0.68969472,223.56649593,38.08898201,330.37041969,10.16594984,145.508588249044,206.984261729998,67.17586844,1.81405262,11.13575941,188.19590368,44.40016153,162.05276746,24.84367316,575.519888179997,1.35578151,3.35304788,70.16706452,68.85401481,144.56025083,98.61032326,2.05606912,23.49930167,10.68962921,2.18956372,0.957943232974685
2016-03-01,0.0,215.84130881,54.54824025,383.988885439999,26.14325834,244.396599762193,305.508372749999,79.06621112,3.79373209,6.05145868,211.27268534,47.76665609,176.590314449999,22.26491863,602.507257689995,1.80106321,3.11428329,108.79953625,28.7497935,141.27951345,114.53132949,2.61603351,27.9662041,10.26283377,2.24779057,0.999214252706224
2016-04-01,0.19625788,277.13267114,72.74209698,381.361829509999,15.04313994,166.21676989175,292.290142329999,76.43709531,6.17189848,12.31868916,194.23656705,52.25782405,215.73515374,24.08255156,562.82002368002,2.58457607,2.98324985,152.9182752,30.9128162,119.4729747,111.01552614,3.37510375,18.54215744,9.87690693,2.66781309,0.998847737769211
2016-05-01,0.26018012,248.63682471,102.48732427,372.840310619998,33.37121444,148.817001454441,256.397727650001,125.53007313,4.78679014,3.66572985,247.30562849,72.16383467,192.133480759999,27.55986074,624.390640619993,1.37274209,2.72167336,99.93372638,10.56895017,146.58569975,99.9926752199999,3.81447491,20.08867796,10.31322477,1.50941866,0.933099230539938
2016-06-01,1.19213732,200.2843552,47.61142959,326.150982249999,11.90585173,215.94572406038,319.129088329996,45.58737874,8.30837211,6.21027274,191.6532676,54.77151533,247.69558435,26.10073034,624.998570060012,1.30652078,4.15956802,94.2586336,26.36653395,106.03459835,120.69294467,3.99036509,9.28655861000001,7.51426019,1.67338564,0.999300304380995
2016-07-01,2.90912837,219.47237915,181.7664638,395.223751460001,19.48467399,214.647568363226,404.908644659999,157.64288397,3.1465928,0.70283891,251.52579351,45.6006215,226.059912539999,25.3273516,752.15774654998,2.9755404,2.912846,134.09209225,20.03897279,112.78609456,137.53212927,6.30071573,23.6389108499999,7.18202978,2.85200248,1.00628378452302
2016-08-01,4.17230603,220.00777842,73.38587689,402.552648379999,29.29682116,246.798402167514,453.611976199998,110.01839276,2.82530676,0.64150994,234.758382420001,75.3059085399999,174.88059555,42.7166090000001,759.466194139999,3.68450748,2.28587292,114.24610368,6.56370785,121.71594265,132.42153301,10.03340608,27.16922438,8.7941088,1.69656282,0.987236300114546
2016-09-01,5.55324438,254.40245122,124.15897734,348.1287431,33.36872348,195.687030560253,377.7127743,73.29523199,9.14247914,1.18471761,186.41257608,68.51657253,223.6926987,46.39217095,762.074595629991,1.28782584,4.38327437,140.53402195,31.15754994,168.16172975,157.50018548,10.32978542,24.66202608,12.51478608,1.79779514,1.07426085845145
2016-10-01,6.6481978,256.05113279,221.80248903,406.133455409998,22.14236777,195.816968501077,368.072958440005,157.21204841,1.99849412,0.93339555,213.42415492,74.69417323,273.86805651,49.25718792,764.978356179963,5.43124102,9.07220383,135.98161672,33.49367908,174.78134945,132.57326763,8.53618637,35.54873914,10.13364906,2.43651065,0.81231698618376
2016-11-01,5.2145579,166.51221957,239.78094772,383.978180469999,20.21052575,210.751338793433,368.146864199998,113.88649113,4.12668338,0.79016199,254.616516249999,81.46192976,223.05423699,48.54424311,748.176672970024,1.68205954,9.53477866,60.36395448,29.95278673,247.01084437,117.49661557,9.83473012,50.5502110200001,11.36680782,1.09644757,0.684311101090316
2016-12-01,4.99095712,259.57665357,338.90034332,418.982653480003,30.64630125,204.185763883938,483.403366199997,108.38329365,3.52815119,0.73333272,332.65257548,139.26997748,254.76109058,51.9155213400001,802.294135743265,1.89341002,2.42284735,126.08892164,25.39737255,337.015522249999,140.50506204,8.47891782,25.85016553,11.98848127,1.95035626,0.0
2017-01-01,1.7461847,249.11009913,241.90966219,346.17256154,17.00553883,156.167930378314,379.457172229999,50.17306089,1.18992729,0.62140443,307.482353839998,92.38722395,176.23064095,28.82575146,758.478766919976,1.5008869,3.41353956,85.98140815,23.27427664,223.628007309999,103.88102104,7.20215421,29.74034643,9.01916769,1.22793908,0.999034621720511
2017-02-01,0.88167348,316.10786295,276.16742642,357.870452770001,25.89039781,179.104829612252,514.144260990002,93.0450617,7.45600791,0.56709955,245.601274940001,89.03579329,166.26368756,22.4669895,824.628176499983,5.31175251999999,3.69885132,92.39883174,3.75860561,170.45341867,140.66886124,4.57582256,23.14569421,10.71905509,1.45205305,0.998766944961517
2017-03-01,0.164386,296.341717580001,222.96935537,409.152353260001,15.74687207,153.52912698131,407.704325679998,86.71521916,1.81378926,5.98582966,227.75322726,40.91581472,166.41714954,19.93970877,772.20048038997,1.6911486,3.46731618,132.52953193,8.25122908,174.33962369,112.61224744,4.72415418,17.28985723,14.69301473,2.21179886,0.998497741773008
2017-04-01,0.22398383,296.5470164,142.79892886,389.043126089999,32.66204513,149.507501446222,395.605459070002,122.72114236,3.99408983,0.27708255,272.72711903,52.70133339,172.87988013,26.92608084,687.076749549965,1.69445871,8.290104,102.39365344,3.28221608,120.16515666,125.66718936,3.05879875,16.14262707,10.59563579,1.67140731,0.999323194590033
2017-05-01,1.4926617,277.9971911,239.38289248,375.751989159998,23.3470697,203.258912533095,462.218390140002,89.8718465400002,1.30705607,0.71107257,237.474466179999,122.82935224,242.50797782,35.30132391,787.194709509989,1.57672403,6.42356165,126.21511382,15.63502783,139.64534473,115.3691214,7.56911365,18.11920949,12.83696312,2.05091141,0.955866484905528
2017-06-01,2.57803466,372.18972467,216.04885104,455.035007799999,22.72074676,199.464590956726,514.159213050002,137.41256452,6.84234657,0.7138236,220.104381499999,95.1500264500001,294.989594,22.10804142,830.414604309993,1.44461687,9.76128697,110.77744761,19.97229434,174.78461836,118.1261614,7.73709939,19.65639286,14.1040712,2.24448774,0.999506086328438
2017-07-01,2.08399423,234.31365741,161.21824814,357.555729469999,20.75791681,217.997961701641,533.147835650004,64.00346996,4.76801539,0.84635406,267.17799167,56.60937947,232.53503965,22.41826505,835.540499919997,1.53703505,13.51488939,87.0972202300001,26.19921129,148.19581798,113.7318135,12.98741961,19.26643151,10.49113535,2.18418513,0.998692666199531
2017-08-01,5.79683906,260.27484695,274.50170537,465.52237949,44.18178102,288.590813607868,552.431564730001,147.84260931,3.12043655,2.98764059,289.505502670001,87.9291352699999,269.63534777,28.97788656,856.778086409993,1.29200283,7.58207597,97.4261652,6.20868135,172.29173048,149.77015113,15.38163455,26.90571198,9.58829019,1.91860834,0.999183201231972
2017-09-01,4.04114345,395.985717569999,278.42415165,521.70957434,22.89803471,316.901770539517,562.58703991,119.93266056,2.10883793,0.77859367,266.13679449,69.0044321,307.86465444,32.88706719,860.464665390068,1.9659988,5.99294976,238.26031217,34.81509663,130.51812782,170.62461063,12.38662715,24.12716907,10.8224873,1.43687964,0.998672813708254
2017-10-01,4.48166121,267.01549617,240.78278284,434.076177140001,26.84955,253.91048728367,560.875852169992,157.25533468,2.39323178,7.4034534,271.35862897,81.5147749000001,291.517451129999,55.89803509,784.863261519987,1.58254916,7.51592738,170.40768884,14.41840937,169.0262683,131.95363447,10.679176,24.83495892,13.9061402,1.03434236,1.00017401248351
2017-11-01,7.40615394,344.494060659999,376.8139114,455.658426310002,30.19484799,223.24961522438,522.250622730002,151.54678982,2.37761772,1.01553271,274.013271170001,59.49135874,251.146085229999,68.6412987900001,846.132825579987,1.61843565,6.46992036,163.27759131,38.90884666,211.33876367,136.91128413,4.53023723,18.44218767,14.28576784,1.87990939,0.614410663663875
2017-12-01,4.24553725,445.35132576,172.13300747,502.344061080002,26.48633916,241.409135188216,582.389415629996,215.77572451,3.87115895,8.09110754,431.499760440002,69.21763737,262.55796047,54.54744464,881.019595279981,1.15399505,4.54632501,191.44970774,19.63205507,274.065839599999,142.17833386,5.03607745,31.14472307,11.765316,1.52250484,0.968989638974563
2018-01-01,2.40446246,311.21179714,299.39080418,458.757987320003,25.75498489,273.012894159805,505.185080619998,95.56134254,2.08550777,0.79298041,403.920851259999,50.50383817,216.889659349999,27.42477436,806.398451560012,1.66286186,7.43325503,141.99010527,12.50856566,276.347755039999,135.87647127,4.80469282,15.21524132,11.34265155,1.14745706,0.99940994293911
2018-02-01,1.72704697,333.99645269,189.21551911,343.346292510002,21.68937442,164.514677800997,555.296685770003,261.59720992,2.39019552,0.73194324,263.970744269999,68.34585959,214.39227331,32.4356166299999,686.248663620004,1.1090451,6.27898723,140.7453869,5.07443329,202.51210385,139.99341233,3.56558913,18.79344933,10.76810456,1.23882947,0.999935889274184
2018-03-01,0.55098758,415.216612629999,199.20836954,530.86882463,22.98070408,149.545579429326,522.391426809997,178.47586195,2.18256104,0.49280629,278.476793299999,156.085758,187.64535023,32.07782941,848.913422819987,22.3495787,7.26024715,151.38032095,57.72172491,233.4065561,156.24417319,7.43731933,14.53618661,13.41269056,1.68707691,0.955441409178093
2018-04-01,0.17338282,385.88205485,156.21260772,416.265353100001,43.90327411,213.596593175281,491.94417084,146.68728236,1.88217284,0.98582837,275.478219589999,98.96305688,166.77166065,38.69004626,802.159203449997,1.39573175,4.57932757,193.92729505,9.6818504,191.43194659,129.02381886,5.08807112,18.23676107,11.25473512,1.96481161,0.998643862747485
2018-05-01,0.72876418,468.89451533,258.41173662,455.347592770001,22.19735313,158.748707500206,565.796490349998,170.52538055,2.81644314,0.83672522,296.196531489998,85.80577425,245.07175243,53.51836874,921.102973670007,0.61537872,5.51513499,162.98700096,9.56686623,215.84643016,116.74593307,4.11295273,10.02635942,10.71815251,1.86704583,1.00050082011603
2018-06-01,2.64217663,468.98940176,238.05616348,509.484734540002,32.14144538,227.577259012994,690.965553129997,209.27067478,2.48518859,1.95119797,265.76107419,67.35644298,283.669811459999,38.41868547,911.534507669994,0.8100826,5.09986113,138.9694675,46.70246301,246.34033906,115.13791757,7.74876258,13.5628207,12.79435165,2.12205181,0.998946872249689
2018-07-01,3.78071498,442.17673923,190.7559824,390.724324870001,13.23038281,205.93781559215,466.356776749997,184.72484914,2.48266504,0.85606193,273.3416122,61.10660559,233.062063950001,31.90761784,975.818868989987,19.88245968,5.35417999,219.91031778,19.73035422,208.35079809,113.37146407,7.57897128,11.71761722,12.94434696,1.73886881,0.999847810351639
2018-08-01,4.22205067,393.139411540001,149.40962247,442.723945440001,29.93140549,221.975158516976,471.473224290003,224.78544135,2.84061008,3.19376153,251.73196644,63.68399753,288.83612575,31.06837309,949.132863219984,1.30331752,4.16881747,178.36027004,7.40395043,209.1304131,92.83839587,10.1324615,13.2618163,10.78316339,2.02628986,0.969732797269899
2018-09-01,4.90747373,311.860656280001,183.30008822,438.580595500001,27.47847245,240.935736248373,495.322377200001,114.40836953,2.04230991,7.72451528,282.611363580001,63.29763416,220.67879878,55.0671438899999,985.304779139984,1.88514336,7.50478188,155.72897305,10.64691488,151.48591897,82.81223238,6.14806454,21.07684865,12.31980148,1.74526878,0.998745431592852
2018-10-01,6.76398283,272.14395686,158.34719813,347.638319140001,38.0158994999999,315.095945027996,390.083195359998,204.02633146,2.78264502,2.17326913,228.946202069999,63.8759107799999,270.145161499998,61.78864829,1063.88331079999,1.57487592,7.52675391,204.10460202,8.94442934,219.10831238,83.31974184,11.41334669,14.77853704,9.40294851,2.2100208,0.998972238170609
2018-11-01,4.74956393,348.851223920001,282.46680479,453.330317920003,39.29169025,289.471862373919,435.343370559997,202.82638244,5.15129607000001,2.3449282,218.369111849999,64.30360419,238.05541853,60.0411252,954.302184899998,1.79520676,5.4787624,185.31619505,8.72960961,256.13550294,70.71522102,8.3165697,21.2232607699999,9.80765594,1.8482883,0.722623473897329
2018-12-01,3.90483753,402.03313613,277.08464881,447.472922500002,28.95022683,247.042818900043,491.116454339997,173.1651188,3.05236187,2.88755836,343.890764590002,66.17171165,240.97035542,62.32304393,881.334831489984,21.06177614,6.19063369,160.6695423,18.59314507,314.52492969,87.15469721,8.34514604,22.22530976,9.75013791,1.38455612,0.976879420401019
2019-01-01,1.78189122,274.42626304,188.59222076,355.440173120001,42.14376224,260.030985436057,414.328514910002,186.4374933,0.59652962,3.20438245,417.600814,88.8904594900001,257.15025183,48.6487673299999,829.483507530003,1.46854042,5.5505959,167.16862173,7.31946705,261.97022044,90.62073796,6.43940745,20.13405627,11.46309094,1.40129157,0.998010873441217
2019-02-01,1.75211653,329.2147067,72.11004138,418.699759150002,40.0726115,171.966917695243,465.06813176,145.10299696,1.44161575,0.72660499,298.70808724,80.30107072,167.417603,34.50175474,833.032494230011,1.31017704,4.89608551,126.33456704,4.11101518,226.11477727,68.77036936,5.46266986,9.83455849999999,8.64860929,1.1516973,0.93757510937985
2019-03-01,0.17665269,393.618320910001,1.55287529,460.48119753,40.49116228,222.408470151705,403.687524689997,179.0051885,1.77610621,0.58715714,281.260178010001,81.66117711,165.84145751,41.68616198,926.639733160011,1.86322436,1.54989708,154.84572486,10.64818534,274.968192689999,69.3908395299999,9.14972443,11.93250472,14.09391303,1.54320695,0.951543293380382
2019-04-01,0.78931278,359.57785748,97.68829388,436.89580241,25.7647979,199.818863296233,459.593496939999,145.3903422,1.06061445,2.36103711,262.885808840001,43.87366379,176.15100131,48.95389841,905.21991629,1.60087517,3.61035134999998,265.60250929,16.23192217,228.48171537,60.44644884,4.22395806,15.56991342,16.36123852,1.65894097,0.968353221504003
2019-05-01,0.83173064,334.90642879,263.70678508,323.380866970001,20.25175009,225.375865599006,344.997159359997,98.00679899,0.97666153,3.48903907,249.075848139999,73.49252441,178.97852405,56.35546036,1052.4703079,1.76368602,3.71730964999999,171.40059672,8.28364124,187.14888104,68.5238619,6.44396558,11.8331935,12.1345067,1.21534267,1.0000678915485
2019-06-01,2.55678318,292.076832790001,205.55464226,401.96480281,31.44967397,245.364546494441,529.321654150004,244.62400267,1.08790402,1.24605003,277.42091354,65.9049859,245.39052968,45.5823761000002,983.492362069998,1.55718056,4.67684659000001,163.20733861,15.61716855,218.44144541,71.34078284,11.2015285,18.44299025,13.85603866,2.48090233,0.966834620056488
2019-07-01,3.83305771,307.01105659,157.57346053,328.752328630002,21.17699459,349.59656174475,443.226160579998,141.38519464,1.95697266,0.74345775,344.990154930003,62.25264489,273.44261351,38.6564958699999,1128.62052881,2.00866044,4.71721193999999,271.15350279,15.8678884,238.78203404,29.71466669,9.35459911,24.31420608,11.38432695,3.19377055,0.998522978457913
2019-08-01,3.57389898,310.12000026,170.80546419,277.53870125,25.75023604,347.324012805977,371.630133359997,104.80129551,1.25209255,0.43831853,329.654716220002,73.19258158,229.272111900001,34.45885488,1097.12271602,1.52576971,4.9213005,219.31939292,15.26407793,187.92934344,78.3435456,10.03995101,25.15335903,6.65044008,1.6706732,0.999924825829112
2019-09-01,4.78933284,283.403447830001,165.25856388,376.92769377,22.54569142,340.778899825534,360.621612959999,133.08176888,2.36257317,0.1858528,276.046849319999,54.29853813,272.792058290001,65.9014960000001,987.619627110003,1.96491394,4.62544614,216.95236948,9.93517076,255.85108492,100.75645282,8.6835889,39.8855566600001,5.43565531,2.04677081,0.999739443115686
2019-10-01,4.6162054,344.282224840004,72.74988315,410.076493630001,27.52589039,256.246874562436,281.45038575,99.23487045,3.20402619,0.67358525,295.3392192,114.58409023,311.30784021,79.1225951499999,1104.00029811998,13.22483399,3.26751223999999,250.71802193,62.01746555,268.80752235,106.40768826,10.22808608,30.3744984,5.8286226,2.05785967000001,1.0000275160055
2019-11-01,3.59027962,252.0577576,121.53540036,450.532477010001,19.12377389,247.401941168372,200.484134380001,202.8373797,2.55660781,11.65268631,304.097303599999,71.32777453,275.32710952,85.3039806899999,1040.15087490998,45.13474828,4.10776759,167.61692742,23.18826046,308.07484524,143.73511859,12.55323827,26.2614841,4.25452367,2.87181799999999,0.965342065005643
2019-12-01,5.33281886,417.29676742,417.3992145,386.707803000001,5.93448366,307.057862529818,169.787392100002,192.75107839,1.51550284,4.21814652,410.00364432,92.78184253,294.291037339999,83.7721082599999,1147.83426404994,56.02650605,5.36906295,356.95567301,20.62319813,345.277727419999,98.72934329,12.32246831,28.3059978,6.87281171,1.82956498,0.999735871537268
2020-01-01,0.94304752,311.08497825,226.38087667,321.08217432,50.31860672,121.8653631,180.39174905,139.22036111,3.20304313,1.65485727,461.29368983,81.91959178,274.95279224,41.13760526,859.65749963,1.02703338,4.4009725,116.92385839,66.33467724,306.05763979,116.54881554,12.50003756,18.79789087,8.5238087,2.24401463,168.875050251053
2020-02-01,0.45359779,300.74208771,133.56867211,301.39164997,62.60641886,113.6089537,175.51699614,138.55630109,2.65676121,0.56255206,367.07691277,84.97724035,181.15667532,37.54283787,828.5630004,1.62820254,5.94142652,245.37239693,37.23860978,214.75215588,131.71168837,17.7813501,18.830641,6.62205703,3.63795902,140.869086155549
2020-03-01,0.42307901,300.03963062,143.55528311,244.26889433,94.35857944,76.0972077,124.95635715,141.97523732,2.92883916,0.69577587,230.17917429,83.35486808,150.18270107,40.20900131,748.24891678,19.57655898,2.98542715,83.2416141,14.89447167,153.19843494,59.42921395,8.34956474,25.84989233,4.12906544,1.82846966,91.953246217578
2020-04-01,0.70511742,182.54239489,2.30714621,134.07665929,35.91634931,86.77111664,88.18419819,4.618475,1.28897479,0.25234652,144.46753864,76.78068753,179.25959859,39.03073835,491.48209207,0.43837166,2.77632414,212.88748871,7.58411733,109.27883993,25.86716038,5.79515248,29.25231646,2.49778369,0.37102422,0.999863872863671
2020-05-01,1.30471507,45.02755337,95.67712655,237.8304521,12.11099902,68.17142481,71.38057844,56.36102477,3.99768449,0.50290289,135.5428899,99.84092816,161.69320635,58.89360553,500.5063221,0.6247074,3.79976421,179.63277479,34.11998878,102.45634523,70.25608722,7.11194541,43.23815599,5.31946338,3.63995917,7.5361229006146
2020-06-01,1.19782592,228.44662342,248.51514837,292.50607071,46.25200947,148.36656147,96.55920792,172.73039145,2.8839557,1.00583867,184.99870768,34.40170502,251.74084979,52.07780038,577.8338172,1.44075508,6.59014772,193.9343572,12.17894392,118.17105451,98.45032423,7.532079,27.25130075,8.72107665,5.48842405,87.8556350827416
2020-07-01,3.30668079,344.16819371,189.7919759,301.05521808,49.10816968,104.60112924,194.50546078,170.50981632,6.16671257,0.75251474,312.34917328,87.52137527,280.80327434,51.98887526,761.42002218,0.99764826,8.50250453,349.50968851,14.32110771,195.90630718,113.77251378,10.26603772,26.97292558,7.64861063,2.5997892,112.213993193343
2020-08-01,6.55847085,417.63249564,27.5860024,294.16933324,61.07929158,187.02466108,227.21845849,48.92514855,0.78192124,1.72250982,319.81662457,112.9084993,353.66492295,57.94650698,909.14537485,1.14772246,5.94493919,100.82899547,36.78091934,186.96774843,164.57692955,12.17880229,47.08625082,6.08593783,5.12259687,64.2561872385545
2020-09-01,6.75661975,389.9892586,289.83605667,415.214737989,73.135751203,209.140544738,263.294861491,234.89811896,0.77836289,1.19998643,344.206467092,89.038934419,350.978403208,69.5204895150001,845.80232998,0.83288301,6.3619233,186.24774934,30.739575234,211.053949149,167.700995369,13.033935527,62.551492511,4.8282312,4.323702881,59.5500894812685
2020-10-01,9.84183006199999,433.499937944,280.58842529,417.953104503,105.029814157,187.03343399,218.229856078,273.76302998,3.03997445,1.26578352,373.399530753,108.714295247,383.411690614,104.751523232,869.470456273,0.91460566,7.67229797,229.95135895,30.920954322,277.744208873,185.964298434,11.445229988,63.291518733,7.25450683,8.730514141,81.7996496579744
2020-11-01,4.08628181,421.257191651,266.92303943,344.64882421,71.16682661,104.86650575,206.818292924,225.161154189,6.28230268,1.12245266,356.538210499,184.384020223,286.221616413,89.355223467,742.476547522,6.66731161,4.23237955,269.450500883,22.87442011,328.509409617,191.482418397,13.339120476,48.520963036,9.34811337,2.44731054,148.171423078873
2020-12-01,4.79708467,533.352898232,147.36802054,473.500372981,60.781865704,171.49516767,326.51767387,186.76879837,7.073957181,0.90885089,516.317762416,129.133295245,316.883148501,76.409694881,944.679895471,1.86361824,5.25434685,314.216155505,23.72802042,368.372716452,126.485183457,9.988075968,47.78626013,10.18415908,6.209066809,217.803915559698
2021-01-01,2.84844751,418.83102433,146.47251634,379.20076736,74.15224911,107.20684928,253.00537963,217.5039829,4.11622318,0.26364812,712.43058797,204.32581545,239.54605725,43.43381343,856.23432389,23.35720299,6.29734614,128.41008975,50.07354515,275.67694699,159.69063238,12.69427126,52.86784006,8.82707984,5.78509506,125.131571764177
2021-02-01,1.2546104,550.24676295,298.72248552,331.16180441,63.40370784,139.78310555,334.71433674,187.37846432,15.07161011,0.66931809,506.20504173,97.74296821,243.79159747,39.92590903,817.736355069999,1.13157203,9.59448782,200.76101059,19.69330429,229.30486491,130.4690802,9.10604038,72.1837565,10.72943463,9.12148974,149.941020075981
2021-03-01,0.76439954,639.64902891,334.82646389,442.77951558,59.41992576,76.5578902,340.75968952,166.73957705,7.40172135,0.79527343,465.99625432,119.47329797,237.80442971,41.71359153,838.413669680001,1.32963157,10.39185068,237.67980723,27.41676821,189.9947306,159.79875272,7.0474384,49.99736545,9.79685678,5.79535021,143.680134220122
2021-04-01,1.25665336,511.79197269,134.8329956,459.8307385,65.03382545,139.32790041,378.26361549,167.19462704,2.33663437,0.7012811,420.64967479,110.92039176,280.29008881,59.68903196,939.31060003,15.14159922,7.43131513,317.66273691,24.45095401,192.09096032,200.58592957,6.96002923,38.12090915,13.88412022,2.97542078,154.301468290496
2021-05-01,1.78967844,514.6672525,528.91530473,401.1864231,69.70235459,127.97992401,340.85763927,166.92626708,5.55932982,0.6108068,500.75319133,126.39472462,226.74024649,81.5418041899999,968.76934162,2.02242213,5.69030977,164.50991843,84.93069818,172.27391372,210.76283209,8.81915312,52.56574178,15.29649192,7.51254568,164.766928604124
2021-06-01,2.39964563,559.68829375,395.08880931,376.64828003,71.60661368,104.34926434,341.04290393,204.78632796,2.91340399,0.58317925,518.45731546,107.11025526,333.14156597,82.7156927000001,939.950209310001,2.36425905,14.16858019,179.17102012,17.21169317,169.29121423,229.97086301,9.0858017,51.93587634,9.33908459,7.9795046,175.899025868193
2021-07-01,5.40750263,515.85839017,227.54988218,479.8982623,68.90536374,132.28093076,369.13572594,83.18276578,2.65677472,0.82278694,523.4978724,201.7073706,388.77743861,66.2328068800001,1037.90753664,1.08862802,15.65476734,297.71267805,15.2411113,193.33594753,225.26357359,11.3951736,36.24240057,10.92482712,9.42361237,200.761730028857
2021-08-01,5.24472159,591.10502233,320.78944988,502.21195515,64.05877664,174.14125652,366.30649569,200.06758922,3.6310375,0.5430132,638.21558526,205.38846443,385.9725997,79.6049810900001,944.10485215,1.45274874,16.02136559,382.85319456,11.71806519,182.30989663,217.1026626,11.25197623,58.0014141,12.86300422,7.03687724,206.030811581342
2021-09-01,8.15529418,530.0294939,216.25051557,602.55251638,65.89750946,136.66823968,318.66598301,283.62743934,10.82907855,0.21257135,486.22272386,139.08297053,462.589865350001,124.91855041,1283.0963789,1.29570472,13.0252607,223.26086231,22.10526886,237.66162625,215.09076159,16.20587147,59.86823436,15.16207066,6.51137061,248.508732453796
2021-10-01,5.7352192,450.19000497,153.54329575,529.96158247,63.64153856,178.37251184,380.47696154,154.62739013,10.04558617,1.085826,656.04202399,122.34557968,395.42190663,100.53491617,1352.88893814,1.4041459,16.34191636,273.55474899,83.85308003,296.05174215,212.05045334,20.18788797,47.37805521,11.21608381,8.03427109,259.046541852512
2021-11-01,4.36509938,628.26260268,251.9688331,395.69822642,84.00287267,231.06228866,310.83294279,249.367445,4.03463501,0.35254348,565.03616092,88.59897404,307.39974995,89.90431635,1526.27144829,1.6881815,17.9098139,446.15762311,32.57089607,410.841048969999,208.26797677,16.55397719,68.31269036,12.46680821,16.55501249,268.074629419052
2021-12-01,6.49614829,721.42566406,32.55626881,587.45736058,65.42733924,165.79544873,399.52561908,310.43300478,3.48677718,0.6240472,806.526588,43.26865716,383.19486293,94.353403,1606.84000952,1.41073353,10.54404714,294.69987898,63.60791935,406.51227727,157.30761306,15.01502755,126.67834089,14.96797425,16.15116467,225.10446058492
2022-01-01,4.94397048,372.52850963,175.34120688,540.67326249,69.56295027,152.01303562,374.11847063,148.5329354,8.627366,0.36674668,731.012325559999,85.37853818,289.96711301,60.2335106599999,1426.6179687,7.89885686,12.3117243,257.96521341,17.58771035,310.38718903,162.98528824,13.79463933,59.25695422,11.23125219,4.31970563,206.123743671789
2022-02-01,4.26813212,567.30049598,165.62795234,484.90667834,65.96695765,167.30773233,381.27371933,199.37920511,8.89941818,1.04961836,686.173571119999,147.77929037,264.70386078,46.59393815,1385.37368971,17.46592435,9.85037569,363.05565919,13.12500313,238.74823207,183.74854746,10.29038132,62.54586426,20.47705495,24.24161735,210.524225415928
2022-03-01,2.05788884,569.62546114,7.23620824,548.16838874,75.260945,152.50975109,426.05469843,132.12414191,8.35609104,1.26781,602.50989377,106.23144639,315.37922044,50.02812843,1696.53537301,13.8177392,16.9518661,107.75491184,27.72080052,246.38410495,187.00412148,13.26330602,39.23172826,21.18771581,12.44270023,253.970455298326
2022-04-01,0.58832783,468.7397129,304.41735578,424.61249811,76.94016658,88.44467033,379.04081324,210.35281951,4.09738991,1.01676025,461.54465695,118.55876007,261.84529579,60.40423088,1412.03091809,14.04004026,16.15554222,251.96054929,18.17851467,174.42137626,161.93498368,10.53024451,58.7503106,15.09860215,11.7310529,245.767959766343
2022-05-01,2.36396449,420.70498379,35.40841144,606.52452915,50.30805874,117.53627239,289.97249699,130.39244249,5.7115665,0.6389767,508.91746643,117.27036898,272.16508458,66.33571242,1201.6547591,41.98953984,10.50700648,136.36669338,45.73291075,177.073122,184.1366572,14.1544123,34.06622298,13.25158765,17.40406187,279.535757866076
2022-06-01,4.49131277,464.86133774,188.03532623,537.78887166,65.43011507,143.1454084,458.10847678,246.8000963,7.04901296,0.79918686,541.76497124,111.51284077,346.59951727,72.32481464,1314.28414721,40.41826115,11.93681727,320.71740261,96.73159806,287.63170551,146.74038577,12.60074416,33.51875086,11.84433804,14.75397277,300.513900106289
2022-07-01,5.3806011,428.33204261,248.75624145,439.74912534,59.5035653,139.30327882,437.57798668,132.54564478,1.46369936,1.36049453,531.54319742,112.88803289,400.937421279999,77.4270094999999,934.385254020001,18.31631938,10.59963796,177.82534478,16.21376361,207.82960468,138.43230405,19.41630583,36.25483815,18.57948411,14.10289683,272.054025253655
2022-08-01,9.07068771,661.87685887,311.68319282,368.98222295,61.14854596,200.73881097,426.0184125,134.05675779,3.37104057,2.24602919,487.05516097,197.79120326,443.11645487,98.44611835,1365.17586284,25.35916243,10.75905867,302.55936718,30.04535229,204.83245839,154.22022145,20.18969613,28.56131835,15.23082834,8.88321218,213.409557854538
2022-09-01,11.71680758,594.21180051,271.97233572,511.3689383,51.043794,186.10065374,368.50768958,221.55118318,4.75860673,0.30741924,526.70184296,161.04658486,451.278045060001,126.38046316,1244.32695017,17.21138025,10.78502303,260.69642749,37.18911,230.05940354,165.28398476,20.21143642,45.02279331,9.66707767,3.4258625,234.419938671584
2022-10-01,11.20149972,422.01397665,262.57843289,516.83233268,78.68226846,190.7206289,394.76607205,195.99725191,4.06425873,0.69078101,452.60772716,234.40322128,459.631718160001,108.63863544,973.07168966,26.11404594,9.30625982,271.15672263,87.26029731,357.63633627,164.73351236,21.64257595,28.73444172,10.35915141,8.80648869,233.2274191898
2022-11-01,4.83316517,481.88987092,39.96730876,420.75889335,68.56040333,160.05192935,277.54542275,159.25384168,5.66189656,0.7110257,472.99799102,198.60715274,445.064793870001,91.9838934400001,965.99169446,9.55637221,11.81174527,530.91852216,39.77162969,419.080544599999,107.96673656,17.6438123,61.00143808,9.7647884,13.53145845,211.029055464502
2022-12-01,6.17396497,454.19778874,43.60796623,548.43111953,66.8524003,187.10208258,354.18971951,276.08622333,3.24037182,0.60355905,795.58934307,194.93039407,397.01213062,108.3334024,1111.5827863,32.56788112,11.8828255,598.37390103,74.15783129,581.504837159999,122.96371234,13.54609886,66.70671973,8.24911604,13.76773444,234.514615031734
